{
  "train_MAE_ms": 99.01457977294922,
  "train_RMSE_ms": 279.87432861328125,
  "val_MAE_ms": 498.4059753417969,
  "val_RMSE_ms": 640.3192749023438,
  "best": {
    "epoch": 59,
    "val_rmse_ms": 588.3590087890625,
    "val_mae_ms": 472.6058654785156
  },
  "n_train": 96,
  "n_val": 24
}